{
  "base_model": "Qwen/Qwen2.5-0.5B-Instruct",
  "device": "mps",
  "lora_config": {
    "r": 8,
    "lora_alpha": 16,
    "lora_dropout": 0.05,
    "target_modules": [
      "q_proj",
      "k_proj",
      "v_proj",
      "o_proj"
    ],
    "task_type": "CAUSAL_LM"
  },
  "epochs": 6,
  "batch_size": 2,
  "learning_rate": 0.0002,
  "max_length": 768,
  "train_examples": 112,
  "val_examples": 20,
  "training_seconds": 906.0,
  "final_train_loss": 0.005534475594921287,
  "final_val_loss": 0.03638596594135749,
  "best_epoch": 3,
  "best_train_loss": 0.012679892267654742,
  "best_val_loss": 0.03039882636874959,
  "loss_history": {
    "epoch": [
      1,
      2,
      3,
      4,
      5,
      6
    ],
    "train_loss": [
      0.13087989572588554,
      0.02376103425763788,
      0.012679892267654742,
      0.010110179041020767,
      0.006841014814709329,
      0.005534475594921287
    ],
    "val_loss": [
      0.054830527091088904,
      0.037516785563013945,
      0.03039882636874959,
      0.03377552333243945,
      0.03683510795362655,
      0.03638596594135749
    ]
  }
}