{
  "base_model": "Qwen/Qwen2.5-0.5B-Instruct",
  "device": "mps",
  "lora_config": {
    "r": 8,
    "lora_alpha": 16,
    "lora_dropout": 0.05,
    "target_modules": [
      "q_proj",
      "k_proj",
      "v_proj",
      "o_proj"
    ],
    "task_type": "CAUSAL_LM"
  },
  "epochs": 6,
  "batch_size": 2,
  "learning_rate": 0.0002,
  "max_length": 768,
  "train_examples": 105,
  "val_examples": 26,
  "training_seconds": 690.2,
  "final_train_loss": 0.004384062174250051,
  "final_val_loss": 0.03544211222240403,
  "best_epoch": 4,
  "best_train_loss": 0.007180467021340316,
  "best_val_loss": 0.025560509882951138,
  "loss_history": {
    "epoch": [
      1,
      2,
      3,
      4,
      5,
      6
    ],
    "train_loss": [
      0.13834205370090735,
      0.02238430471092409,
      0.010939951795567457,
      0.007180467021340316,
      0.007600202660590581,
      0.004384062174250051
    ],
    "val_loss": [
      0.0496148119217779,
      0.029175728687627585,
      0.026084975889674223,
      0.025560509882951138,
      0.029975103129842483,
      0.03544211222240403
    ]
  }
}